"Country Name","Country Code","Indicator Name","Indicator Code","2018",
"Afghanistan","AFG","Assessment of country’s adherence to the best regulatory practices at the management stage of PPP project (scale 1-100)","IQ.PPN.REGQ.S2","35",
"Afghanistan","AFG","Assessment of country’s adherence to the best regulatory practices at the preparation stage of PPP project (scale 1-100)","IQ.PPN.REGQ.S0","45",
"Afghanistan","AFG","Assessment of country’s adherence to the best regulatory practices at the procurement stage of PPP project (scale 1-100)","IQ.PPN.REGQ.S1","45",
"Afghanistan","AFG","Assessment of country’s adherence to the best regulatory practices, procurement of unsolicited proposals (scale 1-100)","IQ.PPN.REGQ.S3","75",
"Albania","ALB","Assessment of country’s adherence to the best regulatory practices at the management stage of PPP project (scale 1-100)","IQ.PPN.REGQ.S2","58",
"Albania","ALB","Assessment of country’s adherence to the best regulatory practices at the preparation stage of PPP project (scale 1-100)","IQ.PPN.REGQ.S0","67",
"Albania","ALB","Assessment of country’s adherence to the best regulatory practices at the procurement stage of PPP project (scale 1-100)","IQ.PPN.REGQ.S1","80",
"Albania","ALB","Assessment of country’s adherence to the best regulatory practices, procurement of unsolicited proposals (scale 1-100)","IQ.PPN.REGQ.S3","75",
"Algeria","DZA","Assessment of country’s adherence to the best regulatory practices at the management stage of PPP project (scale 1-100)","IQ.PPN.REGQ.S2","63",
"Algeria","DZA","Assessment of country’s adherence to the best regulatory practices at the preparation stage of PPP project (scale 1-100)","IQ.PPN.REGQ.S0","45",
"Algeria","DZA","Assessment of country’s adherence to the best regulatory practices at the procurement stage of PPP project (scale 1-100)","IQ.PPN.REGQ.S1","48",
"Algeria","DZA","Assessment of country’s adherence to the best regulatory practices, procurement of unsolicited proposals (scale 1-100)","IQ.PPN.REGQ.S3","",
"Angola","AGO","Assessment of country’s adherence to the best regulatory practices at the management stage of PPP project (scale 1-100)","IQ.PPN.REGQ.S2","56",
"Angola","AGO","Assessment of country’s adherence to the best regulatory practices at the preparation stage of PPP project (scale 1-100)","IQ.PPN.REGQ.S0","35",
"Angola","AGO","Assessment of country’s adherence to the best regulatory practices at the procurement stage of PPP project (scale 1-100)","IQ.PPN.REGQ.S1","50",
"Angola","AGO","Assessment of country’s adherence to the best regulatory practices, procurement of unsolicited proposals (scale 1-100)","IQ.PPN.REGQ.S3","",
"Argentina","ARG","Assessment of country’s adherence to the best regulatory practices at the management stage of PPP project (scale 1-100)","IQ.PPN.REGQ.S2","74",
"Argentina","ARG","Assessment of country’s adherence to the best regulatory practices at the preparation stage of PPP project (scale 1-100)","IQ.PPN.REGQ.S0","27",
"Argentina","ARG","Assessment of country’s adherence to the best regulatory practices at the procurement stage of PPP project (scale 1-100)","IQ.PPN.REGQ.S1","56",
"Argentina","ARG","Assessment of country’s adherence to the best regulatory practices, procurement of unsolicited proposals (scale 1-100)","IQ.PPN.REGQ.S3","79",
"Armenia","ARM","Assessment of country’s adherence to the best regulatory practices at the management stage of PPP project (scale 1-100)","IQ.PPN.REGQ.S2","12",
"Armenia","ARM","Assessment of country’s adherence to the best regulatory practices at the preparation stage of PPP project (scale 1-100)","IQ.PPN.REGQ.S0","47",
"Armenia","ARM","Assessment of country’s adherence to the best regulatory practices at the procurement stage of PPP project (scale 1-100)","IQ.PPN.REGQ.S1","77",
"Armenia","ARM","Assessment of country’s adherence to the best regulatory practices, procurement of unsolicited proposals (scale 1-100)","IQ.PPN.REGQ.S3","0",
"Australia","AUS","Assessment of country’s adherence to the best regulatory practices at the management stage of PPP project (scale 1-100)","IQ.PPN.REGQ.S2","86",
"Australia","AUS","Assessment of country’s adherence to the best regulatory practices at the preparation stage of PPP project (scale 1-100)","IQ.PPN.REGQ.S0","94",
"Australia","AUS","Assessment of country’s adherence to the best regulatory practices at the procurement stage of PPP project (scale 1-100)","IQ.PPN.REGQ.S1","79",
"Australia","AUS","Assessment of country’s adherence to the best regulatory practices, procurement of unsolicited proposals (scale 1-100)","IQ.PPN.REGQ.S3","75",
"Austria","AUT","Assessment of country’s adherence to the best regulatory practices at the management stage of PPP project (scale 1-100)","IQ.PPN.REGQ.S2","53",
"Austria","AUT","Assessment of country’s adherence to the best regulatory practices at the preparation stage of PPP project (scale 1-100)","IQ.PPN.REGQ.S0","68",
"Austria","AUT","Assessment of country’s adherence to the best regulatory practices at the procurement stage of PPP project (scale 1-100)","IQ.PPN.REGQ.S1","77",
"Austria","AUT","Assessment of country’s adherence to the best regulatory practices, procurement of unsolicited proposals (scale 1-100)","IQ.PPN.REGQ.S3","",
"Azerbaijan","AZE","Assessment of country’s adherence to the best regulatory practices at the management stage of PPP project (scale 1-100)","IQ.PPN.REGQ.S2","32",
"Azerbaijan","AZE","Assessment of country’s adherence to the best regulatory practices at the preparation stage of PPP project (scale 1-100)","IQ.PPN.REGQ.S0","16",
"Azerbaijan","AZE","Assessment of country’s adherence to the best regulatory practices at the procurement stage of PPP project (scale 1-100)","IQ.PPN.REGQ.S1","38",
"Azerbaijan","AZE","Assessment of country’s adherence to the best regulatory practices, procurement of unsolicited proposals (scale 1-100)","IQ.PPN.REGQ.S3","",
"Bangladesh","BGD","Assessment of country’s adherence to the best regulatory practices at the management stage of PPP project (scale 1-100)","IQ.PPN.REGQ.S2","39",
"Bangladesh","BGD","Assessment of country’s adherence to the best regulatory practices at the preparation stage of PPP project (scale 1-100)","IQ.PPN.REGQ.S0","51",
"Bangladesh","BGD","Assessment of country’s adherence to the best regulatory practices at the procurement stage of PPP project (scale 1-100)","IQ.PPN.REGQ.S1","66",
"Bangladesh","BGD","Assessment of country’s adherence to the best regulatory practices, procurement of unsolicited proposals (scale 1-100)","IQ.PPN.REGQ.S3","83",
"Belarus","BLR","Assessment of country’s adherence to the best regulatory practices at the management stage of PPP project (scale 1-100)","IQ.PPN.REGQ.S2","60",
"Belarus","BLR","Assessment of country’s adherence to the best regulatory practices at the preparation stage of PPP project (scale 1-100)","IQ.PPN.REGQ.S0","75",
"Belarus","BLR","Assessment of country’s adherence to the best regulatory practices at the procurement stage of PPP project (scale 1-100)","IQ.PPN.REGQ.S1","53",
"Belarus","BLR","Assessment of country’s adherence to the best regulatory practices, procurement of unsolicited proposals (scale 1-100)","IQ.PPN.REGQ.S3","58",
"Belgium","BEL","Assessment of country’s adherence to the best regulatory practices at the management stage of PPP project (scale 1-100)","IQ.PPN.REGQ.S2","50",
"Belgium","BEL","Assessment of country’s adherence to the best regulatory practices at the preparation stage of PPP project (scale 1-100)","IQ.PPN.REGQ.S0","39",
"Belgium","BEL","Assessment of country’s adherence to the best regulatory practices at the procurement stage of PPP project (scale 1-100)","IQ.PPN.REGQ.S1","79",
"Belgium","BEL","Assessment of country’s adherence to the best regulatory practices, procurement of unsolicited proposals (scale 1-100)","IQ.PPN.REGQ.S3","",
"Benin","BEN","Assessment of country’s adherence to the best regulatory practices at the management stage of PPP project (scale 1-100)","IQ.PPN.REGQ.S2","45",
"Benin","BEN","Assessment of country’s adherence to the best regulatory practices at the preparation stage of PPP project (scale 1-100)","IQ.PPN.REGQ.S0","36",
"Benin","BEN","Assessment of country’s adherence to the best regulatory practices at the procurement stage of PPP project (scale 1-100)","IQ.PPN.REGQ.S1","53",
"Benin","BEN","Assessment of country’s adherence to the best regulatory practices, procurement of unsolicited proposals (scale 1-100)","IQ.PPN.REGQ.S3","67",
"Bosnia and Herzegovina","BIH","Assessment of country’s adherence to the best regulatory practices at the management stage of PPP project (scale 1-100)","IQ.PPN.REGQ.S2","31",
"Bosnia and Herzegovina","BIH","Assessment of country’s adherence to the best regulatory practices at the preparation stage of PPP project (scale 1-100)","IQ.PPN.REGQ.S0","27",
"Bosnia and Herzegovina","BIH","Assessment of country’s adherence to the best regulatory practices at the procurement stage of PPP project (scale 1-100)","IQ.PPN.REGQ.S1","73",
"Bosnia and Herzegovina","BIH","Assessment of country’s adherence to the best regulatory practices, procurement of unsolicited proposals (scale 1-100)","IQ.PPN.REGQ.S3","58",
"Botswana","BWA","Assessment of country’s adherence to the best regulatory practices at the management stage of PPP project (scale 1-100)","IQ.PPN.REGQ.S2","63",
"Botswana","BWA","Assessment of country’s adherence to the best regulatory practices at the preparation stage of PPP project (scale 1-100)","IQ.PPN.REGQ.S0","65",
"Botswana","BWA","Assessment of country’s adherence to the best regulatory practices at the procurement stage of PPP project (scale 1-100)","IQ.PPN.REGQ.S1","66",
"Botswana","BWA","Assessment of country’s adherence to the best regulatory practices, procurement of unsolicited proposals (scale 1-100)","IQ.PPN.REGQ.S3","",
"Brazil","BRA","Assessment of country’s adherence to the best regulatory practices at the management stage of PPP project (scale 1-100)","IQ.PPN.REGQ.S2","76",
"Brazil","BRA","Assessment of country’s adherence to the best regulatory practices at the preparation stage of PPP project (scale 1-100)","IQ.PPN.REGQ.S0","47",
"Brazil","BRA","Assessment of country’s adherence to the best regulatory practices at the procurement stage of PPP project (scale 1-100)","IQ.PPN.REGQ.S1","80",
"Brazil","BRA","Assessment of country’s adherence to the best regulatory practices, procurement of unsolicited proposals (scale 1-100)","IQ.PPN.REGQ.S3","54",
"Bulgaria","BGR","Assessment of country’s adherence to the best regulatory practices at the management stage of PPP project (scale 1-100)","IQ.PPN.REGQ.S2","54",
"Bulgaria","BGR","Assessment of country’s adherence to the best regulatory practices at the preparation stage of PPP project (scale 1-100)","IQ.PPN.REGQ.S0","43",
"Bulgaria","BGR","Assessment of country’s adherence to the best regulatory practices at the procurement stage of PPP project (scale 1-100)","IQ.PPN.REGQ.S1","84",
"Bulgaria","BGR","Assessment of country’s adherence to the best regulatory practices, procurement of unsolicited proposals (scale 1-100)","IQ.PPN.REGQ.S3","67",
"Burkina Faso","BFA","Assessment of country’s adherence to the best regulatory practices at the management stage of PPP project (scale 1-100)","IQ.PPN.REGQ.S2","65",
"Burkina Faso","BFA","Assessment of country’s adherence to the best regulatory practices at the preparation stage of PPP project (scale 1-100)","IQ.PPN.REGQ.S0","56",
"Burkina Faso","BFA","Assessment of country’s adherence to the best regulatory practices at the procurement stage of PPP project (scale 1-100)","IQ.PPN.REGQ.S1","83",
"Burkina Faso","BFA","Assessment of country’s adherence to the best regulatory practices, procurement of unsolicited proposals (scale 1-100)","IQ.PPN.REGQ.S3","71",
"Burundi","BDI","Assessment of country’s adherence to the best regulatory practices at the management stage of PPP project (scale 1-100)","IQ.PPN.REGQ.S2","52",
"Burundi","BDI","Assessment of country’s adherence to the best regulatory practices at the preparation stage of PPP project (scale 1-100)","IQ.PPN.REGQ.S0","16",
"Burundi","BDI","Assessment of country’s adherence to the best regulatory practices at the procurement stage of PPP project (scale 1-100)","IQ.PPN.REGQ.S1","60",
"Burundi","BDI","Assessment of country’s adherence to the best regulatory practices, procurement of unsolicited proposals (scale 1-100)","IQ.PPN.REGQ.S3","83",
"Cambodia","KHM","Assessment of country’s adherence to the best regulatory practices at the management stage of PPP project (scale 1-100)","IQ.PPN.REGQ.S2","64",
"Cambodia","KHM","Assessment of country’s adherence to the best regulatory practices at the preparation stage of PPP project (scale 1-100)","IQ.PPN.REGQ.S0","14",
"Cambodia","KHM","Assessment of country’s adherence to the best regulatory practices at the procurement stage of PPP project (scale 1-100)","IQ.PPN.REGQ.S1","13",
"Cambodia","KHM","Assessment of country’s adherence to the best regulatory practices, procurement of unsolicited proposals (scale 1-100)","IQ.PPN.REGQ.S3","33",
"Cameroon","CMR","Assessment of country’s adherence to the best regulatory practices at the management stage of PPP project (scale 1-100)","IQ.PPN.REGQ.S2","48",
"Cameroon","CMR","Assessment of country’s adherence to the best regulatory practices at the preparation stage of PPP project (scale 1-100)","IQ.PPN.REGQ.S0","55",
"Cameroon","CMR","Assessment of country’s adherence to the best regulatory practices at the procurement stage of PPP project (scale 1-100)","IQ.PPN.REGQ.S1","43",
"Cameroon","CMR","Assessment of country’s adherence to the best regulatory practices, procurement of unsolicited proposals (scale 1-100)","IQ.PPN.REGQ.S3","33",
"Canada","CAN","Assessment of country’s adherence to the best regulatory practices at the management stage of PPP project (scale 1-100)","IQ.PPN.REGQ.S2","61",
"Canada","CAN","Assessment of country’s adherence to the best regulatory practices at the preparation stage of PPP project (scale 1-100)","IQ.PPN.REGQ.S0","90",
"Canada","CAN","Assessment of country’s adherence to the best regulatory practices at the procurement stage of PPP project (scale 1-100)","IQ.PPN.REGQ.S1","76",
"Canada","CAN","Assessment of country’s adherence to the best regulatory practices, procurement of unsolicited proposals (scale 1-100)","IQ.PPN.REGQ.S3","",
"Chad","TCD","Assessment of country’s adherence to the best regulatory practices at the management stage of PPP project (scale 1-100)","IQ.PPN.REGQ.S2","30",
"Chad","TCD","Assessment of country’s adherence to the best regulatory practices at the preparation stage of PPP project (scale 1-100)","IQ.PPN.REGQ.S0","17",
"Chad","TCD","Assessment of country’s adherence to the best regulatory practices at the procurement stage of PPP project (scale 1-100)","IQ.PPN.REGQ.S1","37",
"Chad","TCD","Assessment of country’s adherence to the best regulatory practices, procurement of unsolicited proposals (scale 1-100)","IQ.PPN.REGQ.S3","0",
"Chile","CHL","Assessment of country’s adherence to the best regulatory practices at the management stage of PPP project (scale 1-100)","IQ.PPN.REGQ.S2","87",
"Chile","CHL","Assessment of country’s adherence to the best regulatory practices at the preparation stage of PPP project (scale 1-100)","IQ.PPN.REGQ.S0","67",
"Chile","CHL","Assessment of country’s adherence to the best regulatory practices at the procurement stage of PPP project (scale 1-100)","IQ.PPN.REGQ.S1","72",
"Chile","CHL","Assessment of country’s adherence to the best regulatory practices, procurement of unsolicited proposals (scale 1-100)","IQ.PPN.REGQ.S3","92",
"China","CHN","Assessment of country’s adherence to the best regulatory practices at the management stage of PPP project (scale 1-100)","IQ.PPN.REGQ.S2","76",
"China","CHN","Assessment of country’s adherence to the best regulatory practices at the preparation stage of PPP project (scale 1-100)","IQ.PPN.REGQ.S0","61",
"China","CHN","Assessment of country’s adherence to the best regulatory practices at the procurement stage of PPP project (scale 1-100)","IQ.PPN.REGQ.S1","82",
"China","CHN","Assessment of country’s adherence to the best regulatory practices, procurement of unsolicited proposals (scale 1-100)","IQ.PPN.REGQ.S3","54",
"Colombia","COL","Assessment of country’s adherence to the best regulatory practices at the management stage of PPP project (scale 1-100)","IQ.PPN.REGQ.S2","72",
"Colombia","COL","Assessment of country’s adherence to the best regulatory practices at the preparation stage of PPP project (scale 1-100)","IQ.PPN.REGQ.S0","90",
"Colombia","COL","Assessment of country’s adherence to the best regulatory practices at the procurement stage of PPP project (scale 1-100)","IQ.PPN.REGQ.S1","79",
"Colombia","COL","Assessment of country’s adherence to the best regulatory practices, procurement of unsolicited proposals (scale 1-100)","IQ.PPN.REGQ.S3","92",
"Congo, Dem. Rep.","COD","Assessment of country’s adherence to the best regulatory practices at the management stage of PPP project (scale 1-100)","IQ.PPN.REGQ.S2","50",
"Congo, Dem. Rep.","COD","Assessment of country’s adherence to the best regulatory practices at the preparation stage of PPP project (scale 1-100)","IQ.PPN.REGQ.S0","43",
"Congo, Dem. Rep.","COD","Assessment of country’s adherence to the best regulatory practices at the procurement stage of PPP project (scale 1-100)","IQ.PPN.REGQ.S1","35",
"Congo, Dem. Rep.","COD","Assessment of country’s adherence to the best regulatory practices, procurement of unsolicited proposals (scale 1-100)","IQ.PPN.REGQ.S3","",
"Congo, Rep.","COG","Assessment of country’s adherence to the best regulatory practices at the management stage of PPP project (scale 1-100)","IQ.PPN.REGQ.S2","41",
"Congo, Rep.","COG","Assessment of country’s adherence to the best regulatory practices at the preparation stage of PPP project (scale 1-100)","IQ.PPN.REGQ.S0","24",
"Congo, Rep.","COG","Assessment of country’s adherence to the best regulatory practices at the procurement stage of PPP project (scale 1-100)","IQ.PPN.REGQ.S1","44",
"Congo, Rep.","COG","Assessment of country’s adherence to the best regulatory practices, procurement of unsolicited proposals (scale 1-100)","IQ.PPN.REGQ.S3","0",
"Costa Rica","CRI","Assessment of country’s adherence to the best regulatory practices at the management stage of PPP project (scale 1-100)","IQ.PPN.REGQ.S2","50",
"Costa Rica","CRI","Assessment of country’s adherence to the best regulatory practices at the preparation stage of PPP project (scale 1-100)","IQ.PPN.REGQ.S0","28",
"Costa Rica","CRI","Assessment of country’s adherence to the best regulatory practices at the procurement stage of PPP project (scale 1-100)","IQ.PPN.REGQ.S1","44",
"Costa Rica","CRI","Assessment of country’s adherence to the best regulatory practices, procurement of unsolicited proposals (scale 1-100)","IQ.PPN.REGQ.S3","",
"Cote d'Ivoire","CIV","Assessment of country’s adherence to the best regulatory practices at the management stage of PPP project (scale 1-100)","IQ.PPN.REGQ.S2","48",
"Cote d'Ivoire","CIV","Assessment of country’s adherence to the best regulatory practices at the preparation stage of PPP project (scale 1-100)","IQ.PPN.REGQ.S0","51",
"Cote d'Ivoire","CIV","Assessment of country’s adherence to the best regulatory practices at the procurement stage of PPP project (scale 1-100)","IQ.PPN.REGQ.S1","56",
"Cote d'Ivoire","CIV","Assessment of country’s adherence to the best regulatory practices, procurement of unsolicited proposals (scale 1-100)","IQ.PPN.REGQ.S3","50",
"Croatia","HRV","Assessment of country’s adherence to the best regulatory practices at the management stage of PPP project (scale 1-100)","IQ.PPN.REGQ.S2","67",
"Croatia","HRV","Assessment of country’s adherence to the best regulatory practices at the preparation stage of PPP project (scale 1-100)","IQ.PPN.REGQ.S0","60",
"Croatia","HRV","Assessment of country’s adherence to the best regulatory practices at the procurement stage of PPP project (scale 1-100)","IQ.PPN.REGQ.S1","87",
"Croatia","HRV","Assessment of country’s adherence to the best regulatory practices, procurement of unsolicited proposals (scale 1-100)","IQ.PPN.REGQ.S3","",
"Czech Republic","CZE","Assessment of country’s adherence to the best regulatory practices at the management stage of PPP project (scale 1-100)","IQ.PPN.REGQ.S2","70",
"Czech Republic","CZE","Assessment of country’s adherence to the best regulatory practices at the preparation stage of PPP project (scale 1-100)","IQ.PPN.REGQ.S0","71",
"Czech Republic","CZE","Assessment of country’s adherence to the best regulatory practices at the procurement stage of PPP project (scale 1-100)","IQ.PPN.REGQ.S1","87",
"Czech Republic","CZE","Assessment of country’s adherence to the best regulatory practices, procurement of unsolicited proposals (scale 1-100)","IQ.PPN.REGQ.S3","",
"Denmark","DNK","Assessment of country’s adherence to the best regulatory practices at the management stage of PPP project (scale 1-100)","IQ.PPN.REGQ.S2","45",
"Denmark","DNK","Assessment of country’s adherence to the best regulatory practices at the preparation stage of PPP project (scale 1-100)","IQ.PPN.REGQ.S0","36",
"Denmark","DNK","Assessment of country’s adherence to the best regulatory practices at the procurement stage of PPP project (scale 1-100)","IQ.PPN.REGQ.S1","77",
"Denmark","DNK","Assessment of country’s adherence to the best regulatory practices, procurement of unsolicited proposals (scale 1-100)","IQ.PPN.REGQ.S3","",
"Djibouti","DJI","Assessment of country’s adherence to the best regulatory practices at the management stage of PPP project (scale 1-100)","IQ.PPN.REGQ.S2","75",
"Djibouti","DJI","Assessment of country’s adherence to the best regulatory practices at the preparation stage of PPP project (scale 1-100)","IQ.PPN.REGQ.S0","30",
"Djibouti","DJI","Assessment of country’s adherence to the best regulatory practices at the procurement stage of PPP project (scale 1-100)","IQ.PPN.REGQ.S1","43",
"Djibouti","DJI","Assessment of country’s adherence to the best regulatory practices, procurement of unsolicited proposals (scale 1-100)","IQ.PPN.REGQ.S3","50",
"Dominican Republic","DOM","Assessment of country’s adherence to the best regulatory practices at the management stage of PPP project (scale 1-100)","IQ.PPN.REGQ.S2","38",
"Dominican Republic","DOM","Assessment of country’s adherence to the best regulatory practices at the preparation stage of PPP project (scale 1-100)","IQ.PPN.REGQ.S0","42",
"Dominican Republic","DOM","Assessment of country’s adherence to the best regulatory practices at the procurement stage of PPP project (scale 1-100)","IQ.PPN.REGQ.S1","82",
"Dominican Republic","DOM","Assessment of country’s adherence to the best regulatory practices, procurement of unsolicited proposals (scale 1-100)","IQ.PPN.REGQ.S3","58",
"Ecuador","ECU","Assessment of country’s adherence to the best regulatory practices at the management stage of PPP project (scale 1-100)","IQ.PPN.REGQ.S2","43",
"Ecuador","ECU","Assessment of country’s adherence to the best regulatory practices at the preparation stage of PPP project (scale 1-100)","IQ.PPN.REGQ.S0","52",
"Ecuador","ECU","Assessment of country’s adherence to the best regulatory practices at the procurement stage of PPP project (scale 1-100)","IQ.PPN.REGQ.S1","35",
"Ecuador","ECU","Assessment of country’s adherence to the best regulatory practices, procurement of unsolicited proposals (scale 1-100)","IQ.PPN.REGQ.S3","58",
"Egypt, Arab Rep.","EGY","Assessment of country’s adherence to the best regulatory practices at the management stage of PPP project (scale 1-100)","IQ.PPN.REGQ.S2","71",
"Egypt, Arab Rep.","EGY","Assessment of country’s adherence to the best regulatory practices at the preparation stage of PPP project (scale 1-100)","IQ.PPN.REGQ.S0","71",
"Egypt, Arab Rep.","EGY","Assessment of country’s adherence to the best regulatory practices at the procurement stage of PPP project (scale 1-100)","IQ.PPN.REGQ.S1","72",
"Egypt, Arab Rep.","EGY","Assessment of country’s adherence to the best regulatory practices, procurement of unsolicited proposals (scale 1-100)","IQ.PPN.REGQ.S3","",
"El Salvador","SLV","Assessment of country’s adherence to the best regulatory practices at the management stage of PPP project (scale 1-100)","IQ.PPN.REGQ.S2","90",
"El Salvador","SLV","Assessment of country’s adherence to the best regulatory practices at the preparation stage of PPP project (scale 1-100)","IQ.PPN.REGQ.S0","42",
"El Salvador","SLV","Assessment of country’s adherence to the best regulatory practices at the procurement stage of PPP project (scale 1-100)","IQ.PPN.REGQ.S1","67",
"El Salvador","SLV","Assessment of country’s adherence to the best regulatory practices, procurement of unsolicited proposals (scale 1-100)","IQ.PPN.REGQ.S3","79",
"Eritrea","ERI","Assessment of country’s adherence to the best regulatory practices at the management stage of PPP project (scale 1-100)","IQ.PPN.REGQ.S2","22",
"Eritrea","ERI","Assessment of country’s adherence to the best regulatory practices at the preparation stage of PPP project (scale 1-100)","IQ.PPN.REGQ.S0","42",
"Eritrea","ERI","Assessment of country’s adherence to the best regulatory practices at the procurement stage of PPP project (scale 1-100)","IQ.PPN.REGQ.S1","28",
"Eritrea","ERI","Assessment of country’s adherence to the best regulatory practices, procurement of unsolicited proposals (scale 1-100)","IQ.PPN.REGQ.S3","",
"Estonia","EST","Assessment of country’s adherence to the best regulatory practices at the management stage of PPP project (scale 1-100)","IQ.PPN.REGQ.S2","34",
"Estonia","EST","Assessment of country’s adherence to the best regulatory practices at the preparation stage of PPP project (scale 1-100)","IQ.PPN.REGQ.S0","34",
"Estonia","EST","Assessment of country’s adherence to the best regulatory practices at the procurement stage of PPP project (scale 1-100)","IQ.PPN.REGQ.S1","87",
"Estonia","EST","Assessment of country’s adherence to the best regulatory practices, procurement of unsolicited proposals (scale 1-100)","IQ.PPN.REGQ.S3","",
"Ethiopia","ETH","Assessment of country’s adherence to the best regulatory practices at the management stage of PPP project (scale 1-100)","IQ.PPN.REGQ.S2","41",
"Ethiopia","ETH","Assessment of country’s adherence to the best regulatory practices at the preparation stage of PPP project (scale 1-100)","IQ.PPN.REGQ.S0","15",
"Ethiopia","ETH","Assessment of country’s adherence to the best regulatory practices at the procurement stage of PPP project (scale 1-100)","IQ.PPN.REGQ.S1","69",
"Ethiopia","ETH","Assessment of country’s adherence to the best regulatory practices, procurement of unsolicited proposals (scale 1-100)","IQ.PPN.REGQ.S3","25",
"Finland","FIN","Assessment of country’s adherence to the best regulatory practices at the management stage of PPP project (scale 1-100)","IQ.PPN.REGQ.S2","47",
"Finland","FIN","Assessment of country’s adherence to the best regulatory practices at the preparation stage of PPP project (scale 1-100)","IQ.PPN.REGQ.S0","46",
"Finland","FIN","Assessment of country’s adherence to the best regulatory practices at the procurement stage of PPP project (scale 1-100)","IQ.PPN.REGQ.S1","73",
"Finland","FIN","Assessment of country’s adherence to the best regulatory practices, procurement of unsolicited proposals (scale 1-100)","IQ.PPN.REGQ.S3","",
"France","FRA","Assessment of country’s adherence to the best regulatory practices at the management stage of PPP project (scale 1-100)","IQ.PPN.REGQ.S2","53",
"France","FRA","Assessment of country’s adherence to the best regulatory practices at the preparation stage of PPP project (scale 1-100)","IQ.PPN.REGQ.S0","76",
"France","FRA","Assessment of country’s adherence to the best regulatory practices at the procurement stage of PPP project (scale 1-100)","IQ.PPN.REGQ.S1","89",
"France","FRA","Assessment of country’s adherence to the best regulatory practices, procurement of unsolicited proposals (scale 1-100)","IQ.PPN.REGQ.S3","",
"Gabon","GAB","Assessment of country’s adherence to the best regulatory practices at the management stage of PPP project (scale 1-100)","IQ.PPN.REGQ.S2","51",
"Gabon","GAB","Assessment of country’s adherence to the best regulatory practices at the preparation stage of PPP project (scale 1-100)","IQ.PPN.REGQ.S0","28",
"Gabon","GAB","Assessment of country’s adherence to the best regulatory practices at the procurement stage of PPP project (scale 1-100)","IQ.PPN.REGQ.S1","38",
"Gabon","GAB","Assessment of country’s adherence to the best regulatory practices, procurement of unsolicited proposals (scale 1-100)","IQ.PPN.REGQ.S3","50",
"Georgia","GEO","Assessment of country’s adherence to the best regulatory practices at the management stage of PPP project (scale 1-100)","IQ.PPN.REGQ.S2","33",
"Georgia","GEO","Assessment of country’s adherence to the best regulatory practices at the preparation stage of PPP project (scale 1-100)","IQ.PPN.REGQ.S0","41",
"Georgia","GEO","Assessment of country’s adherence to the best regulatory practices at the procurement stage of PPP project (scale 1-100)","IQ.PPN.REGQ.S1","57",
"Georgia","GEO","Assessment of country’s adherence to the best regulatory practices, procurement of unsolicited proposals (scale 1-100)","IQ.PPN.REGQ.S3","",
"Germany","DEU","Assessment of country’s adherence to the best regulatory practices at the management stage of PPP project (scale 1-100)","IQ.PPN.REGQ.S2","69",
"Germany","DEU","Assessment of country’s adherence to the best regulatory practices at the preparation stage of PPP project (scale 1-100)","IQ.PPN.REGQ.S0","86",
"Germany","DEU","Assessment of country’s adherence to the best regulatory practices at the procurement stage of PPP project (scale 1-100)","IQ.PPN.REGQ.S1","74",
"Germany","DEU","Assessment of country’s adherence to the best regulatory practices, procurement of unsolicited proposals (scale 1-100)","IQ.PPN.REGQ.S3","",
"Ghana","GHA","Assessment of country’s adherence to the best regulatory practices at the management stage of PPP project (scale 1-100)","IQ.PPN.REGQ.S2","44",
"Ghana","GHA","Assessment of country’s adherence to the best regulatory practices at the preparation stage of PPP project (scale 1-100)","IQ.PPN.REGQ.S0","56",
"Ghana","GHA","Assessment of country’s adherence to the best regulatory practices at the procurement stage of PPP project (scale 1-100)","IQ.PPN.REGQ.S1","61",
"Ghana","GHA","Assessment of country’s adherence to the best regulatory practices, procurement of unsolicited proposals (scale 1-100)","IQ.PPN.REGQ.S3","50",
"Greece","GRC","Assessment of country’s adherence to the best regulatory practices at the management stage of PPP project (scale 1-100)","IQ.PPN.REGQ.S2","59",
"Greece","GRC","Assessment of country’s adherence to the best regulatory practices at the preparation stage of PPP project (scale 1-100)","IQ.PPN.REGQ.S0","58",
"Greece","GRC","Assessment of country’s adherence to the best regulatory practices at the procurement stage of PPP project (scale 1-100)","IQ.PPN.REGQ.S1","91",
"Greece","GRC","Assessment of country’s adherence to the best regulatory practices, procurement of unsolicited proposals (scale 1-100)","IQ.PPN.REGQ.S3","",
"Guatemala","GTM","Assessment of country’s adherence to the best regulatory practices at the management stage of PPP project (scale 1-100)","IQ.PPN.REGQ.S2","68",
"Guatemala","GTM","Assessment of country’s adherence to the best regulatory practices at the preparation stage of PPP project (scale 1-100)","IQ.PPN.REGQ.S0","55",
"Guatemala","GTM","Assessment of country’s adherence to the best regulatory practices at the procurement stage of PPP project (scale 1-100)","IQ.PPN.REGQ.S1","78",
"Guatemala","GTM","Assessment of country’s adherence to the best regulatory practices, procurement of unsolicited proposals (scale 1-100)","IQ.PPN.REGQ.S3","",
"Guinea","GIN","Assessment of country’s adherence to the best regulatory practices at the management stage of PPP project (scale 1-100)","IQ.PPN.REGQ.S2","52",
"Guinea","GIN","Assessment of country’s adherence to the best regulatory practices at the preparation stage of PPP project (scale 1-100)","IQ.PPN.REGQ.S0","50",
"Guinea","GIN","Assessment of country’s adherence to the best regulatory practices at the procurement stage of PPP project (scale 1-100)","IQ.PPN.REGQ.S1","61",
"Guinea","GIN","Assessment of country’s adherence to the best regulatory practices, procurement of unsolicited proposals (scale 1-100)","IQ.PPN.REGQ.S3","13",
"Haiti","HTI","Assessment of country’s adherence to the best regulatory practices at the management stage of PPP project (scale 1-100)","IQ.PPN.REGQ.S2","54",
"Haiti","HTI","Assessment of country’s adherence to the best regulatory practices at the preparation stage of PPP project (scale 1-100)","IQ.PPN.REGQ.S0","50",
"Haiti","HTI","Assessment of country’s adherence to the best regulatory practices at the procurement stage of PPP project (scale 1-100)","IQ.PPN.REGQ.S1","59",
"Haiti","HTI","Assessment of country’s adherence to the best regulatory practices, procurement of unsolicited proposals (scale 1-100)","IQ.PPN.REGQ.S3","17",
"Honduras","HND","Assessment of country’s adherence to the best regulatory practices at the management stage of PPP project (scale 1-100)","IQ.PPN.REGQ.S2","66",
"Honduras","HND","Assessment of country’s adherence to the best regulatory practices at the preparation stage of PPP project (scale 1-100)","IQ.PPN.REGQ.S0","56",
"Honduras","HND","Assessment of country’s adherence to the best regulatory practices at the procurement stage of PPP project (scale 1-100)","IQ.PPN.REGQ.S1","53",
"Honduras","HND","Assessment of country’s adherence to the best regulatory practices, procurement of unsolicited proposals (scale 1-100)","IQ.PPN.REGQ.S3","58",
"Hungary","HUN","Assessment of country’s adherence to the best regulatory practices at the management stage of PPP project (scale 1-100)","IQ.PPN.REGQ.S2","58",
"Hungary","HUN","Assessment of country’s adherence to the best regulatory practices at the preparation stage of PPP project (scale 1-100)","IQ.PPN.REGQ.S0","13",
"Hungary","HUN","Assessment of country’s adherence to the best regulatory practices at the procurement stage of PPP project (scale 1-100)","IQ.PPN.REGQ.S1","91",
"Hungary","HUN","Assessment of country’s adherence to the best regulatory practices, procurement of unsolicited proposals (scale 1-100)","IQ.PPN.REGQ.S3","",
"India","IND","Assessment of country’s adherence to the best regulatory practices at the management stage of PPP project (scale 1-100)","IQ.PPN.REGQ.S2","80",
"India","IND","Assessment of country’s adherence to the best regulatory practices at the preparation stage of PPP project (scale 1-100)","IQ.PPN.REGQ.S0","82",
"India","IND","Assessment of country’s adherence to the best regulatory practices at the procurement stage of PPP project (scale 1-100)","IQ.PPN.REGQ.S1","72",
"India","IND","Assessment of country’s adherence to the best regulatory practices, procurement of unsolicited proposals (scale 1-100)","IQ.PPN.REGQ.S3","",
"Indonesia","IDN","Assessment of country’s adherence to the best regulatory practices at the management stage of PPP project (scale 1-100)","IQ.PPN.REGQ.S2","58",
"Indonesia","IDN","Assessment of country’s adherence to the best regulatory practices at the preparation stage of PPP project (scale 1-100)","IQ.PPN.REGQ.S0","63",
"Indonesia","IDN","Assessment of country’s adherence to the best regulatory practices at the procurement stage of PPP project (scale 1-100)","IQ.PPN.REGQ.S1","74",
"Indonesia","IDN","Assessment of country’s adherence to the best regulatory practices, procurement of unsolicited proposals (scale 1-100)","IQ.PPN.REGQ.S3","58",
"Iraq","IRQ","Assessment of country’s adherence to the best regulatory practices at the management stage of PPP project (scale 1-100)","IQ.PPN.REGQ.S2","42",
"Iraq","IRQ","Assessment of country’s adherence to the best regulatory practices at the preparation stage of PPP project (scale 1-100)","IQ.PPN.REGQ.S0","11",
"Iraq","IRQ","Assessment of country’s adherence to the best regulatory practices at the procurement stage of PPP project (scale 1-100)","IQ.PPN.REGQ.S1","42",
"Iraq","IRQ","Assessment of country’s adherence to the best regulatory practices, procurement of unsolicited proposals (scale 1-100)","IQ.PPN.REGQ.S3","8",
"Ireland","IRL","Assessment of country’s adherence to the best regulatory practices at the management stage of PPP project (scale 1-100)","IQ.PPN.REGQ.S2","70",
"Ireland","IRL","Assessment of country’s adherence to the best regulatory practices at the preparation stage of PPP project (scale 1-100)","IQ.PPN.REGQ.S0","88",
"Ireland","IRL","Assessment of country’s adherence to the best regulatory practices at the procurement stage of PPP project (scale 1-100)","IQ.PPN.REGQ.S1","78",
"Ireland","IRL","Assessment of country’s adherence to the best regulatory practices, procurement of unsolicited proposals (scale 1-100)","IQ.PPN.REGQ.S3","",
"Italy","ITA","Assessment of country’s adherence to the best regulatory practices at the management stage of PPP project (scale 1-100)","IQ.PPN.REGQ.S2","76",
"Italy","ITA","Assessment of country’s adherence to the best regulatory practices at the preparation stage of PPP project (scale 1-100)","IQ.PPN.REGQ.S0","77",
"Italy","ITA","Assessment of country’s adherence to the best regulatory practices at the procurement stage of PPP project (scale 1-100)","IQ.PPN.REGQ.S1","86",
"Italy","ITA","Assessment of country’s adherence to the best regulatory practices, procurement of unsolicited proposals (scale 1-100)","IQ.PPN.REGQ.S3","83",
"Jamaica","JAM","Assessment of country’s adherence to the best regulatory practices at the management stage of PPP project (scale 1-100)","IQ.PPN.REGQ.S2","44",
"Jamaica","JAM","Assessment of country’s adherence to the best regulatory practices at the preparation stage of PPP project (scale 1-100)","IQ.PPN.REGQ.S0","71",
"Jamaica","JAM","Assessment of country’s adherence to the best regulatory practices at the procurement stage of PPP project (scale 1-100)","IQ.PPN.REGQ.S1","59",
"Jamaica","JAM","Assessment of country’s adherence to the best regulatory practices, procurement of unsolicited proposals (scale 1-100)","IQ.PPN.REGQ.S3","83",
"Japan","JPN","Assessment of country’s adherence to the best regulatory practices at the management stage of PPP project (scale 1-100)","IQ.PPN.REGQ.S2","75",
"Japan","JPN","Assessment of country’s adherence to the best regulatory practices at the preparation stage of PPP project (scale 1-100)","IQ.PPN.REGQ.S0","78",
"Japan","JPN","Assessment of country’s adherence to the best regulatory practices at the procurement stage of PPP project (scale 1-100)","IQ.PPN.REGQ.S1","70",
"Japan","JPN","Assessment of country’s adherence to the best regulatory practices, procurement of unsolicited proposals (scale 1-100)","IQ.PPN.REGQ.S3","42",
"Jordan","JOR","Assessment of country’s adherence to the best regulatory practices at the management stage of PPP project (scale 1-100)","IQ.PPN.REGQ.S2","60",
"Jordan","JOR","Assessment of country’s adherence to the best regulatory practices at the preparation stage of PPP project (scale 1-100)","IQ.PPN.REGQ.S0","42",
"Jordan","JOR","Assessment of country’s adherence to the best regulatory practices at the procurement stage of PPP project (scale 1-100)","IQ.PPN.REGQ.S1","68",
"Jordan","JOR","Assessment of country’s adherence to the best regulatory practices, procurement of unsolicited proposals (scale 1-100)","IQ.PPN.REGQ.S3","54",
"Kazakhstan","KAZ","Assessment of country’s adherence to the best regulatory practices at the management stage of PPP project (scale 1-100)","IQ.PPN.REGQ.S2","59",
"Kazakhstan","KAZ","Assessment of country’s adherence to the best regulatory practices at the preparation stage of PPP project (scale 1-100)","IQ.PPN.REGQ.S0","59",
"Kazakhstan","KAZ","Assessment of country’s adherence to the best regulatory practices at the procurement stage of PPP project (scale 1-100)","IQ.PPN.REGQ.S1","51",
"Kazakhstan","KAZ","Assessment of country’s adherence to the best regulatory practices, procurement of unsolicited proposals (scale 1-100)","IQ.PPN.REGQ.S3","58",
"Kenya","KEN","Assessment of country’s adherence to the best regulatory practices at the management stage of PPP project (scale 1-100)","IQ.PPN.REGQ.S2","59",
"Kenya","KEN","Assessment of country’s adherence to the best regulatory practices at the preparation stage of PPP project (scale 1-100)","IQ.PPN.REGQ.S0","71",
"Kenya","KEN","Assessment of country’s adherence to the best regulatory practices at the procurement stage of PPP project (scale 1-100)","IQ.PPN.REGQ.S1","75",
"Kenya","KEN","Assessment of country’s adherence to the best regulatory practices, procurement of unsolicited proposals (scale 1-100)","IQ.PPN.REGQ.S3","50",
"Korea, Rep.","KOR","Assessment of country’s adherence to the best regulatory practices at the management stage of PPP project (scale 1-100)","IQ.PPN.REGQ.S2","66",
"Korea, Rep.","KOR","Assessment of country’s adherence to the best regulatory practices at the preparation stage of PPP project (scale 1-100)","IQ.PPN.REGQ.S0","65",
"Korea, Rep.","KOR","Assessment of country’s adherence to the best regulatory practices at the procurement stage of PPP project (scale 1-100)","IQ.PPN.REGQ.S1","66",
"Korea, Rep.","KOR","Assessment of country’s adherence to the best regulatory practices, procurement of unsolicited proposals (scale 1-100)","IQ.PPN.REGQ.S3","75",
"Kosovo","XKX","Assessment of country’s adherence to the best regulatory practices at the management stage of PPP project (scale 1-100)","IQ.PPN.REGQ.S2","57",
"Kosovo","XKX","Assessment of country’s adherence to the best regulatory practices at the preparation stage of PPP project (scale 1-100)","IQ.PPN.REGQ.S0","34",
"Kosovo","XKX","Assessment of country’s adherence to the best regulatory practices at the procurement stage of PPP project (scale 1-100)","IQ.PPN.REGQ.S1","75",
"Kosovo","XKX","Assessment of country’s adherence to the best regulatory practices, procurement of unsolicited proposals (scale 1-100)","IQ.PPN.REGQ.S3","",
"Kuwait","KWT","Assessment of country’s adherence to the best regulatory practices at the management stage of PPP project (scale 1-100)","IQ.PPN.REGQ.S2","68",
"Kuwait","KWT","Assessment of country’s adherence to the best regulatory practices at the preparation stage of PPP project (scale 1-100)","IQ.PPN.REGQ.S0","72",
"Kuwait","KWT","Assessment of country’s adherence to the best regulatory practices at the procurement stage of PPP project (scale 1-100)","IQ.PPN.REGQ.S1","71",
"Kuwait","KWT","Assessment of country’s adherence to the best regulatory practices, procurement of unsolicited proposals (scale 1-100)","IQ.PPN.REGQ.S3","83",
"Kyrgyz Republic","KGZ","Assessment of country’s adherence to the best regulatory practices at the management stage of PPP project (scale 1-100)","IQ.PPN.REGQ.S2","49",
"Kyrgyz Republic","KGZ","Assessment of country’s adherence to the best regulatory practices at the preparation stage of PPP project (scale 1-100)","IQ.PPN.REGQ.S0","33",
"Kyrgyz Republic","KGZ","Assessment of country’s adherence to the best regulatory practices at the procurement stage of PPP project (scale 1-100)","IQ.PPN.REGQ.S1","40",
"Kyrgyz Republic","KGZ","Assessment of country’s adherence to the best regulatory practices, procurement of unsolicited proposals (scale 1-100)","IQ.PPN.REGQ.S3","50",
"Lao PDR","LAO","Assessment of country’s adherence to the best regulatory practices at the management stage of PPP project (scale 1-100)","IQ.PPN.REGQ.S2","26",
"Lao PDR","LAO","Assessment of country’s adherence to the best regulatory practices at the preparation stage of PPP project (scale 1-100)","IQ.PPN.REGQ.S0","24",
"Lao PDR","LAO","Assessment of country’s adherence to the best regulatory practices at the procurement stage of PPP project (scale 1-100)","IQ.PPN.REGQ.S1","37",
"Lao PDR","LAO","Assessment of country’s adherence to the best regulatory practices, procurement of unsolicited proposals (scale 1-100)","IQ.PPN.REGQ.S3","",
"Latvia","LVA","Assessment of country’s adherence to the best regulatory practices at the management stage of PPP project (scale 1-100)","IQ.PPN.REGQ.S2","66",
"Latvia","LVA","Assessment of country’s adherence to the best regulatory practices at the preparation stage of PPP project (scale 1-100)","IQ.PPN.REGQ.S0","72",
"Latvia","LVA","Assessment of country’s adherence to the best regulatory practices at the procurement stage of PPP project (scale 1-100)","IQ.PPN.REGQ.S1","72",
"Latvia","LVA","Assessment of country’s adherence to the best regulatory practices, procurement of unsolicited proposals (scale 1-100)","IQ.PPN.REGQ.S3","",
"Lebanon","LBN","Assessment of country’s adherence to the best regulatory practices at the management stage of PPP project (scale 1-100)","IQ.PPN.REGQ.S2","30",
"Lebanon","LBN","Assessment of country’s adherence to the best regulatory practices at the preparation stage of PPP project (scale 1-100)","IQ.PPN.REGQ.S0","8",
"Lebanon","LBN","Assessment of country’s adherence to the best regulatory practices at the procurement stage of PPP project (scale 1-100)","IQ.PPN.REGQ.S1","28",
"Lebanon","LBN","Assessment of country’s adherence to the best regulatory practices, procurement of unsolicited proposals (scale 1-100)","IQ.PPN.REGQ.S3","",
"Lithuania","LTU","Assessment of country’s adherence to the best regulatory practices at the management stage of PPP project (scale 1-100)","IQ.PPN.REGQ.S2","70",
"Lithuania","LTU","Assessment of country’s adherence to the best regulatory practices at the preparation stage of PPP project (scale 1-100)","IQ.PPN.REGQ.S0","92",
"Lithuania","LTU","Assessment of country’s adherence to the best regulatory practices at the procurement stage of PPP project (scale 1-100)","IQ.PPN.REGQ.S1","95",
"Lithuania","LTU","Assessment of country’s adherence to the best regulatory practices, procurement of unsolicited proposals (scale 1-100)","IQ.PPN.REGQ.S3","58",
"Macedonia, FYR","MKD","Assessment of country’s adherence to the best regulatory practices at the management stage of PPP project (scale 1-100)","IQ.PPN.REGQ.S2","52",
"Macedonia, FYR","MKD","Assessment of country’s adherence to the best regulatory practices at the preparation stage of PPP project (scale 1-100)","IQ.PPN.REGQ.S0","67",
"Macedonia, FYR","MKD","Assessment of country’s adherence to the best regulatory practices at the procurement stage of PPP project (scale 1-100)","IQ.PPN.REGQ.S1","83",
"Macedonia, FYR","MKD","Assessment of country’s adherence to the best regulatory practices, procurement of unsolicited proposals (scale 1-100)","IQ.PPN.REGQ.S3","",
"Madagascar","MDG","Assessment of country’s adherence to the best regulatory practices at the management stage of PPP project (scale 1-100)","IQ.PPN.REGQ.S2","85",
"Madagascar","MDG","Assessment of country’s adherence to the best regulatory practices at the preparation stage of PPP project (scale 1-100)","IQ.PPN.REGQ.S0","45",
"Madagascar","MDG","Assessment of country’s adherence to the best regulatory practices at the procurement stage of PPP project (scale 1-100)","IQ.PPN.REGQ.S1","59",
"Madagascar","MDG","Assessment of country’s adherence to the best regulatory practices, procurement of unsolicited proposals (scale 1-100)","IQ.PPN.REGQ.S3","67",
"Malawi","MWI","Assessment of country’s adherence to the best regulatory practices at the management stage of PPP project (scale 1-100)","IQ.PPN.REGQ.S2","27",
"Malawi","MWI","Assessment of country’s adherence to the best regulatory practices at the preparation stage of PPP project (scale 1-100)","IQ.PPN.REGQ.S0","49",
"Malawi","MWI","Assessment of country’s adherence to the best regulatory practices at the procurement stage of PPP project (scale 1-100)","IQ.PPN.REGQ.S1","38",
"Malawi","MWI","Assessment of country’s adherence to the best regulatory practices, procurement of unsolicited proposals (scale 1-100)","IQ.PPN.REGQ.S3","50",
"Malaysia","MYS","Assessment of country’s adherence to the best regulatory practices at the management stage of PPP project (scale 1-100)","IQ.PPN.REGQ.S2","33",
"Malaysia","MYS","Assessment of country’s adherence to the best regulatory practices at the preparation stage of PPP project (scale 1-100)","IQ.PPN.REGQ.S0","50",
"Malaysia","MYS","Assessment of country’s adherence to the best regulatory practices at the procurement stage of PPP project (scale 1-100)","IQ.PPN.REGQ.S1","42",
"Malaysia","MYS","Assessment of country’s adherence to the best regulatory practices, procurement of unsolicited proposals (scale 1-100)","IQ.PPN.REGQ.S3","38",
"Mali","MLI","Assessment of country’s adherence to the best regulatory practices at the management stage of PPP project (scale 1-100)","IQ.PPN.REGQ.S2","70",
"Mali","MLI","Assessment of country’s adherence to the best regulatory practices at the preparation stage of PPP project (scale 1-100)","IQ.PPN.REGQ.S0","68",
"Mali","MLI","Assessment of country’s adherence to the best regulatory practices at the procurement stage of PPP project (scale 1-100)","IQ.PPN.REGQ.S1","62",
"Mali","MLI","Assessment of country’s adherence to the best regulatory practices, procurement of unsolicited proposals (scale 1-100)","IQ.PPN.REGQ.S3","67",
"Mauritius","MUS","Assessment of country’s adherence to the best regulatory practices at the management stage of PPP project (scale 1-100)","IQ.PPN.REGQ.S2","50",
"Mauritius","MUS","Assessment of country’s adherence to the best regulatory practices at the preparation stage of PPP project (scale 1-100)","IQ.PPN.REGQ.S0","63",
"Mauritius","MUS","Assessment of country’s adherence to the best regulatory practices at the procurement stage of PPP project (scale 1-100)","IQ.PPN.REGQ.S1","69",
"Mauritius","MUS","Assessment of country’s adherence to the best regulatory practices, procurement of unsolicited proposals (scale 1-100)","IQ.PPN.REGQ.S3","75",
"Mexico","MEX","Assessment of country’s adherence to the best regulatory practices at the management stage of PPP project (scale 1-100)","IQ.PPN.REGQ.S2","84",
"Mexico","MEX","Assessment of country’s adherence to the best regulatory practices at the preparation stage of PPP project (scale 1-100)","IQ.PPN.REGQ.S0","81",
"Mexico","MEX","Assessment of country’s adherence to the best regulatory practices at the procurement stage of PPP project (scale 1-100)","IQ.PPN.REGQ.S1","82",
"Mexico","MEX","Assessment of country’s adherence to the best regulatory practices, procurement of unsolicited proposals (scale 1-100)","IQ.PPN.REGQ.S3","75",
"Moldova","MDA","Assessment of country’s adherence to the best regulatory practices at the management stage of PPP project (scale 1-100)","IQ.PPN.REGQ.S2","49",
"Moldova","MDA","Assessment of country’s adherence to the best regulatory practices at the preparation stage of PPP project (scale 1-100)","IQ.PPN.REGQ.S0","48",
"Moldova","MDA","Assessment of country’s adherence to the best regulatory practices at the procurement stage of PPP project (scale 1-100)","IQ.PPN.REGQ.S1","62",
"Moldova","MDA","Assessment of country’s adherence to the best regulatory practices, procurement of unsolicited proposals (scale 1-100)","IQ.PPN.REGQ.S3","0",
"Mongolia","MNG","Assessment of country’s adherence to the best regulatory practices at the management stage of PPP project (scale 1-100)","IQ.PPN.REGQ.S2","60",
"Mongolia","MNG","Assessment of country’s adherence to the best regulatory practices at the preparation stage of PPP project (scale 1-100)","IQ.PPN.REGQ.S0","24",
"Mongolia","MNG","Assessment of country’s adherence to the best regulatory practices at the procurement stage of PPP project (scale 1-100)","IQ.PPN.REGQ.S1","42",
"Mongolia","MNG","Assessment of country’s adherence to the best regulatory practices, procurement of unsolicited proposals (scale 1-100)","IQ.PPN.REGQ.S3","75",
"Montenegro","MNE","Assessment of country’s adherence to the best regulatory practices at the management stage of PPP project (scale 1-100)","IQ.PPN.REGQ.S2","45",
"Montenegro","MNE","Assessment of country’s adherence to the best regulatory practices at the preparation stage of PPP project (scale 1-100)","IQ.PPN.REGQ.S0","39",
"Montenegro","MNE","Assessment of country’s adherence to the best regulatory practices at the procurement stage of PPP project (scale 1-100)","IQ.PPN.REGQ.S1","64",
"Montenegro","MNE","Assessment of country’s adherence to the best regulatory practices, procurement of unsolicited proposals (scale 1-100)","IQ.PPN.REGQ.S3","50",
"Morocco","MAR","Assessment of country’s adherence to the best regulatory practices at the management stage of PPP project (scale 1-100)","IQ.PPN.REGQ.S2","63",
"Morocco","MAR","Assessment of country’s adherence to the best regulatory practices at the preparation stage of PPP project (scale 1-100)","IQ.PPN.REGQ.S0","49",
"Morocco","MAR","Assessment of country’s adherence to the best regulatory practices at the procurement stage of PPP project (scale 1-100)","IQ.PPN.REGQ.S1","62",
"Morocco","MAR","Assessment of country’s adherence to the best regulatory practices, procurement of unsolicited proposals (scale 1-100)","IQ.PPN.REGQ.S3","67",
"Mozambique","MOZ","Assessment of country’s adherence to the best regulatory practices at the management stage of PPP project (scale 1-100)","IQ.PPN.REGQ.S2","56",
"Mozambique","MOZ","Assessment of country’s adherence to the best regulatory practices at the preparation stage of PPP project (scale 1-100)","IQ.PPN.REGQ.S0","46",
"Mozambique","MOZ","Assessment of country’s adherence to the best regulatory practices at the procurement stage of PPP project (scale 1-100)","IQ.PPN.REGQ.S1","64",
"Mozambique","MOZ","Assessment of country’s adherence to the best regulatory practices, procurement of unsolicited proposals (scale 1-100)","IQ.PPN.REGQ.S3","33",
"Myanmar","MMR","Assessment of country’s adherence to the best regulatory practices at the management stage of PPP project (scale 1-100)","IQ.PPN.REGQ.S2","27",
"Myanmar","MMR","Assessment of country’s adherence to the best regulatory practices at the preparation stage of PPP project (scale 1-100)","IQ.PPN.REGQ.S0","11",
"Myanmar","MMR","Assessment of country’s adherence to the best regulatory practices at the procurement stage of PPP project (scale 1-100)","IQ.PPN.REGQ.S1","37",
"Myanmar","MMR","Assessment of country’s adherence to the best regulatory practices, procurement of unsolicited proposals (scale 1-100)","IQ.PPN.REGQ.S3","8",
"Nepal","NPL","Assessment of country’s adherence to the best regulatory practices at the management stage of PPP project (scale 1-100)","IQ.PPN.REGQ.S2","59",
"Nepal","NPL","Assessment of country’s adherence to the best regulatory practices at the preparation stage of PPP project (scale 1-100)","IQ.PPN.REGQ.S0","44",
"Nepal","NPL","Assessment of country’s adherence to the best regulatory practices at the procurement stage of PPP project (scale 1-100)","IQ.PPN.REGQ.S1","68",
"Nepal","NPL","Assessment of country’s adherence to the best regulatory practices, procurement of unsolicited proposals (scale 1-100)","IQ.PPN.REGQ.S3","50",
"Netherlands","NLD","Assessment of country’s adherence to the best regulatory practices at the management stage of PPP project (scale 1-100)","IQ.PPN.REGQ.S2","75",
"Netherlands","NLD","Assessment of country’s adherence to the best regulatory practices at the preparation stage of PPP project (scale 1-100)","IQ.PPN.REGQ.S0","81",
"Netherlands","NLD","Assessment of country’s adherence to the best regulatory practices at the procurement stage of PPP project (scale 1-100)","IQ.PPN.REGQ.S1","80",
"Netherlands","NLD","Assessment of country’s adherence to the best regulatory practices, procurement of unsolicited proposals (scale 1-100)","IQ.PPN.REGQ.S3","58",
"New Zealand","NZL","Assessment of country’s adherence to the best regulatory practices at the management stage of PPP project (scale 1-100)","IQ.PPN.REGQ.S2","63",
"New Zealand","NZL","Assessment of country’s adherence to the best regulatory practices at the preparation stage of PPP project (scale 1-100)","IQ.PPN.REGQ.S0","82",
"New Zealand","NZL","Assessment of country’s adherence to the best regulatory practices at the procurement stage of PPP project (scale 1-100)","IQ.PPN.REGQ.S1","67",
"New Zealand","NZL","Assessment of country’s adherence to the best regulatory practices, procurement of unsolicited proposals (scale 1-100)","IQ.PPN.REGQ.S3","58",
"Nicaragua","NIC","Assessment of country’s adherence to the best regulatory practices at the management stage of PPP project (scale 1-100)","IQ.PPN.REGQ.S2","68",
"Nicaragua","NIC","Assessment of country’s adherence to the best regulatory practices at the preparation stage of PPP project (scale 1-100)","IQ.PPN.REGQ.S0","30",
"Nicaragua","NIC","Assessment of country’s adherence to the best regulatory practices at the procurement stage of PPP project (scale 1-100)","IQ.PPN.REGQ.S1","73",
"Nicaragua","NIC","Assessment of country’s adherence to the best regulatory practices, procurement of unsolicited proposals (scale 1-100)","IQ.PPN.REGQ.S3","92",
"Niger","NER","Assessment of country’s adherence to the best regulatory practices at the management stage of PPP project (scale 1-100)","IQ.PPN.REGQ.S2","52",
"Niger","NER","Assessment of country’s adherence to the best regulatory practices at the preparation stage of PPP project (scale 1-100)","IQ.PPN.REGQ.S0","60",
"Niger","NER","Assessment of country’s adherence to the best regulatory practices at the procurement stage of PPP project (scale 1-100)","IQ.PPN.REGQ.S1","43",
"Niger","NER","Assessment of country’s adherence to the best regulatory practices, procurement of unsolicited proposals (scale 1-100)","IQ.PPN.REGQ.S3","54",
"Nigeria","NGA","Assessment of country’s adherence to the best regulatory practices at the management stage of PPP project (scale 1-100)","IQ.PPN.REGQ.S2","53",
"Nigeria","NGA","Assessment of country’s adherence to the best regulatory practices at the preparation stage of PPP project (scale 1-100)","IQ.PPN.REGQ.S0","27",
"Nigeria","NGA","Assessment of country’s adherence to the best regulatory practices at the procurement stage of PPP project (scale 1-100)","IQ.PPN.REGQ.S1","71",
"Nigeria","NGA","Assessment of country’s adherence to the best regulatory practices, procurement of unsolicited proposals (scale 1-100)","IQ.PPN.REGQ.S3","67",
"Pakistan","PAK","Assessment of country’s adherence to the best regulatory practices at the management stage of PPP project (scale 1-100)","IQ.PPN.REGQ.S2","37",
"Pakistan","PAK","Assessment of country’s adherence to the best regulatory practices at the preparation stage of PPP project (scale 1-100)","IQ.PPN.REGQ.S0","67",
"Pakistan","PAK","Assessment of country’s adherence to the best regulatory practices at the procurement stage of PPP project (scale 1-100)","IQ.PPN.REGQ.S1","66",
"Pakistan","PAK","Assessment of country’s adherence to the best regulatory practices, procurement of unsolicited proposals (scale 1-100)","IQ.PPN.REGQ.S3","42",
"Panama","PAN","Assessment of country’s adherence to the best regulatory practices at the management stage of PPP project (scale 1-100)","IQ.PPN.REGQ.S2","56",
"Panama","PAN","Assessment of country’s adherence to the best regulatory practices at the preparation stage of PPP project (scale 1-100)","IQ.PPN.REGQ.S0","32",
"Panama","PAN","Assessment of country’s adherence to the best regulatory practices at the procurement stage of PPP project (scale 1-100)","IQ.PPN.REGQ.S1","72",
"Panama","PAN","Assessment of country’s adherence to the best regulatory practices, procurement of unsolicited proposals (scale 1-100)","IQ.PPN.REGQ.S3","29",
"Papua New Guinea","PNG","Assessment of country’s adherence to the best regulatory practices at the management stage of PPP project (scale 1-100)","IQ.PPN.REGQ.S2","9",
"Papua New Guinea","PNG","Assessment of country’s adherence to the best regulatory practices at the preparation stage of PPP project (scale 1-100)","IQ.PPN.REGQ.S0","15",
"Papua New Guinea","PNG","Assessment of country’s adherence to the best regulatory practices at the procurement stage of PPP project (scale 1-100)","IQ.PPN.REGQ.S1","7",
"Papua New Guinea","PNG","Assessment of country’s adherence to the best regulatory practices, procurement of unsolicited proposals (scale 1-100)","IQ.PPN.REGQ.S3","33",
"Paraguay","PRY","Assessment of country’s adherence to the best regulatory practices at the management stage of PPP project (scale 1-100)","IQ.PPN.REGQ.S2","83",
"Paraguay","PRY","Assessment of country’s adherence to the best regulatory practices at the preparation stage of PPP project (scale 1-100)","IQ.PPN.REGQ.S0","89",
"Paraguay","PRY","Assessment of country’s adherence to the best regulatory practices at the procurement stage of PPP project (scale 1-100)","IQ.PPN.REGQ.S1","80",
"Paraguay","PRY","Assessment of country’s adherence to the best regulatory practices, procurement of unsolicited proposals (scale 1-100)","IQ.PPN.REGQ.S3","79",
"Peru","PER","Assessment of country’s adherence to the best regulatory practices at the management stage of PPP project (scale 1-100)","IQ.PPN.REGQ.S2","78",
"Peru","PER","Assessment of country’s adherence to the best regulatory practices at the preparation stage of PPP project (scale 1-100)","IQ.PPN.REGQ.S0","81",
"Peru","PER","Assessment of country’s adherence to the best regulatory practices at the procurement stage of PPP project (scale 1-100)","IQ.PPN.REGQ.S1","66",
"Peru","PER","Assessment of country’s adherence to the best regulatory practices, procurement of unsolicited proposals (scale 1-100)","IQ.PPN.REGQ.S3","100",
"Philippines","PHL","Assessment of country’s adherence to the best regulatory practices at the management stage of PPP project (scale 1-100)","IQ.PPN.REGQ.S2","88",
"Philippines","PHL","Assessment of country’s adherence to the best regulatory practices at the preparation stage of PPP project (scale 1-100)","IQ.PPN.REGQ.S0","85",
"Philippines","PHL","Assessment of country’s adherence to the best regulatory practices at the procurement stage of PPP project (scale 1-100)","IQ.PPN.REGQ.S1","76",
"Philippines","PHL","Assessment of country’s adherence to the best regulatory practices, procurement of unsolicited proposals (scale 1-100)","IQ.PPN.REGQ.S3","83",
"Poland","POL","Assessment of country’s adherence to the best regulatory practices at the management stage of PPP project (scale 1-100)","IQ.PPN.REGQ.S2","54",
"Poland","POL","Assessment of country’s adherence to the best regulatory practices at the preparation stage of PPP project (scale 1-100)","IQ.PPN.REGQ.S0","65",
"Poland","POL","Assessment of country’s adherence to the best regulatory practices at the procurement stage of PPP project (scale 1-100)","IQ.PPN.REGQ.S1","87",
"Poland","POL","Assessment of country’s adherence to the best regulatory practices, procurement of unsolicited proposals (scale 1-100)","IQ.PPN.REGQ.S3","",
"Portugal","PRT","Assessment of country’s adherence to the best regulatory practices at the management stage of PPP project (scale 1-100)","IQ.PPN.REGQ.S2","78",
"Portugal","PRT","Assessment of country’s adherence to the best regulatory practices at the preparation stage of PPP project (scale 1-100)","IQ.PPN.REGQ.S0","67",
"Portugal","PRT","Assessment of country’s adherence to the best regulatory practices at the procurement stage of PPP project (scale 1-100)","IQ.PPN.REGQ.S1","81",
"Portugal","PRT","Assessment of country’s adherence to the best regulatory practices, procurement of unsolicited proposals (scale 1-100)","IQ.PPN.REGQ.S3","",
"Qatar","QAT","Assessment of country’s adherence to the best regulatory practices at the management stage of PPP project (scale 1-100)","IQ.PPN.REGQ.S2","28",
"Qatar","QAT","Assessment of country’s adherence to the best regulatory practices at the preparation stage of PPP project (scale 1-100)","IQ.PPN.REGQ.S0","31",
"Qatar","QAT","Assessment of country’s adherence to the best regulatory practices at the procurement stage of PPP project (scale 1-100)","IQ.PPN.REGQ.S1","55",
"Qatar","QAT","Assessment of country’s adherence to the best regulatory practices, procurement of unsolicited proposals (scale 1-100)","IQ.PPN.REGQ.S3","",
"Romania","ROU","Assessment of country’s adherence to the best regulatory practices at the management stage of PPP project (scale 1-100)","IQ.PPN.REGQ.S2","59",
"Romania","ROU","Assessment of country’s adherence to the best regulatory practices at the preparation stage of PPP project (scale 1-100)","IQ.PPN.REGQ.S0","43",
"Romania","ROU","Assessment of country’s adherence to the best regulatory practices at the procurement stage of PPP project (scale 1-100)","IQ.PPN.REGQ.S1","77",
"Romania","ROU","Assessment of country’s adherence to the best regulatory practices, procurement of unsolicited proposals (scale 1-100)","IQ.PPN.REGQ.S3","",
"Russian Federation","RUS","Assessment of country’s adherence to the best regulatory practices at the management stage of PPP project (scale 1-100)","IQ.PPN.REGQ.S2","63",
"Russian Federation","RUS","Assessment of country’s adherence to the best regulatory practices at the preparation stage of PPP project (scale 1-100)","IQ.PPN.REGQ.S0","31",
"Russian Federation","RUS","Assessment of country’s adherence to the best regulatory practices at the procurement stage of PPP project (scale 1-100)","IQ.PPN.REGQ.S1","67",
"Russian Federation","RUS","Assessment of country’s adherence to the best regulatory practices, procurement of unsolicited proposals (scale 1-100)","IQ.PPN.REGQ.S3","54",
"Rwanda","RWA","Assessment of country’s adherence to the best regulatory practices at the management stage of PPP project (scale 1-100)","IQ.PPN.REGQ.S2","39",
"Rwanda","RWA","Assessment of country’s adherence to the best regulatory practices at the preparation stage of PPP project (scale 1-100)","IQ.PPN.REGQ.S0","48",
"Rwanda","RWA","Assessment of country’s adherence to the best regulatory practices at the procurement stage of PPP project (scale 1-100)","IQ.PPN.REGQ.S1","51",
"Rwanda","RWA","Assessment of country’s adherence to the best regulatory practices, procurement of unsolicited proposals (scale 1-100)","IQ.PPN.REGQ.S3","42",
"Saudi Arabia","SAU","Assessment of country’s adherence to the best regulatory practices at the management stage of PPP project (scale 1-100)","IQ.PPN.REGQ.S2","33",
"Saudi Arabia","SAU","Assessment of country’s adherence to the best regulatory practices at the preparation stage of PPP project (scale 1-100)","IQ.PPN.REGQ.S0","34",
"Saudi Arabia","SAU","Assessment of country’s adherence to the best regulatory practices at the procurement stage of PPP project (scale 1-100)","IQ.PPN.REGQ.S1","71",
"Saudi Arabia","SAU","Assessment of country’s adherence to the best regulatory practices, procurement of unsolicited proposals (scale 1-100)","IQ.PPN.REGQ.S3","",
"Senegal","SEN","Assessment of country’s adherence to the best regulatory practices at the management stage of PPP project (scale 1-100)","IQ.PPN.REGQ.S2","55",
"Senegal","SEN","Assessment of country’s adherence to the best regulatory practices at the preparation stage of PPP project (scale 1-100)","IQ.PPN.REGQ.S0","31",
"Senegal","SEN","Assessment of country’s adherence to the best regulatory practices at the procurement stage of PPP project (scale 1-100)","IQ.PPN.REGQ.S1","62",
"Senegal","SEN","Assessment of country’s adherence to the best regulatory practices, procurement of unsolicited proposals (scale 1-100)","IQ.PPN.REGQ.S3","42",
"Serbia","SRB","Assessment of country’s adherence to the best regulatory practices at the management stage of PPP project (scale 1-100)","IQ.PPN.REGQ.S2","65",
"Serbia","SRB","Assessment of country’s adherence to the best regulatory practices at the preparation stage of PPP project (scale 1-100)","IQ.PPN.REGQ.S0","72",
"Serbia","SRB","Assessment of country’s adherence to the best regulatory practices at the procurement stage of PPP project (scale 1-100)","IQ.PPN.REGQ.S1","80",
"Serbia","SRB","Assessment of country’s adherence to the best regulatory practices, procurement of unsolicited proposals (scale 1-100)","IQ.PPN.REGQ.S3","67",
"Sierra Leone","SLE","Assessment of country’s adherence to the best regulatory practices at the management stage of PPP project (scale 1-100)","IQ.PPN.REGQ.S2","49",
"Sierra Leone","SLE","Assessment of country’s adherence to the best regulatory practices at the preparation stage of PPP project (scale 1-100)","IQ.PPN.REGQ.S0","41",
"Sierra Leone","SLE","Assessment of country’s adherence to the best regulatory practices at the procurement stage of PPP project (scale 1-100)","IQ.PPN.REGQ.S1","68",
"Sierra Leone","SLE","Assessment of country’s adherence to the best regulatory practices, procurement of unsolicited proposals (scale 1-100)","IQ.PPN.REGQ.S3","71",
"Singapore","SGP","Assessment of country’s adherence to the best regulatory practices at the management stage of PPP project (scale 1-100)","IQ.PPN.REGQ.S2","62",
"Singapore","SGP","Assessment of country’s adherence to the best regulatory practices at the preparation stage of PPP project (scale 1-100)","IQ.PPN.REGQ.S0","60",
"Singapore","SGP","Assessment of country’s adherence to the best regulatory practices at the procurement stage of PPP project (scale 1-100)","IQ.PPN.REGQ.S1","76",
"Singapore","SGP","Assessment of country’s adherence to the best regulatory practices, procurement of unsolicited proposals (scale 1-100)","IQ.PPN.REGQ.S3","",
"Slovak Republic","SVK","Assessment of country’s adherence to the best regulatory practices at the management stage of PPP project (scale 1-100)","IQ.PPN.REGQ.S2","55",
"Slovak Republic","SVK","Assessment of country’s adherence to the best regulatory practices at the preparation stage of PPP project (scale 1-100)","IQ.PPN.REGQ.S0","86",
"Slovak Republic","SVK","Assessment of country’s adherence to the best regulatory practices at the procurement stage of PPP project (scale 1-100)","IQ.PPN.REGQ.S1","94",
"Slovak Republic","SVK","Assessment of country’s adherence to the best regulatory practices, procurement of unsolicited proposals (scale 1-100)","IQ.PPN.REGQ.S3","",
"Slovenia","SVN","Assessment of country’s adherence to the best regulatory practices at the management stage of PPP project (scale 1-100)","IQ.PPN.REGQ.S2","45",
"Slovenia","SVN","Assessment of country’s adherence to the best regulatory practices at the preparation stage of PPP project (scale 1-100)","IQ.PPN.REGQ.S0","48",
"Slovenia","SVN","Assessment of country’s adherence to the best regulatory practices at the procurement stage of PPP project (scale 1-100)","IQ.PPN.REGQ.S1","81",
"Slovenia","SVN","Assessment of country’s adherence to the best regulatory practices, procurement of unsolicited proposals (scale 1-100)","IQ.PPN.REGQ.S3","83",
"Solomon Islands","SLB","Assessment of country’s adherence to the best regulatory practices at the management stage of PPP project (scale 1-100)","IQ.PPN.REGQ.S2","14",
"Solomon Islands","SLB","Assessment of country’s adherence to the best regulatory practices at the preparation stage of PPP project (scale 1-100)","IQ.PPN.REGQ.S0","28",
"Solomon Islands","SLB","Assessment of country’s adherence to the best regulatory practices at the procurement stage of PPP project (scale 1-100)","IQ.PPN.REGQ.S1","54",
"Solomon Islands","SLB","Assessment of country’s adherence to the best regulatory practices, procurement of unsolicited proposals (scale 1-100)","IQ.PPN.REGQ.S3","",
"Somalia","SOM","Assessment of country’s adherence to the best regulatory practices at the management stage of PPP project (scale 1-100)","IQ.PPN.REGQ.S2","21",
"Somalia","SOM","Assessment of country’s adherence to the best regulatory practices at the preparation stage of PPP project (scale 1-100)","IQ.PPN.REGQ.S0","15",
"Somalia","SOM","Assessment of country’s adherence to the best regulatory practices at the procurement stage of PPP project (scale 1-100)","IQ.PPN.REGQ.S1","66",
"Somalia","SOM","Assessment of country’s adherence to the best regulatory practices, procurement of unsolicited proposals (scale 1-100)","IQ.PPN.REGQ.S3","0",
"South Africa","ZAF","Assessment of country’s adherence to the best regulatory practices at the management stage of PPP project (scale 1-100)","IQ.PPN.REGQ.S2","79",
"South Africa","ZAF","Assessment of country’s adherence to the best regulatory practices at the preparation stage of PPP project (scale 1-100)","IQ.PPN.REGQ.S0","79",
"South Africa","ZAF","Assessment of country’s adherence to the best regulatory practices at the procurement stage of PPP project (scale 1-100)","IQ.PPN.REGQ.S1","73",
"South Africa","ZAF","Assessment of country’s adherence to the best regulatory practices, procurement of unsolicited proposals (scale 1-100)","IQ.PPN.REGQ.S3","67",
"Spain","ESP","Assessment of country’s adherence to the best regulatory practices at the management stage of PPP project (scale 1-100)","IQ.PPN.REGQ.S2","70",
"Spain","ESP","Assessment of country’s adherence to the best regulatory practices at the preparation stage of PPP project (scale 1-100)","IQ.PPN.REGQ.S0","61",
"Spain","ESP","Assessment of country’s adherence to the best regulatory practices at the procurement stage of PPP project (scale 1-100)","IQ.PPN.REGQ.S1","87",
"Spain","ESP","Assessment of country’s adherence to the best regulatory practices, procurement of unsolicited proposals (scale 1-100)","IQ.PPN.REGQ.S3","54",
"Sri Lanka","LKA","Assessment of country’s adherence to the best regulatory practices at the management stage of PPP project (scale 1-100)","IQ.PPN.REGQ.S2","51",
"Sri Lanka","LKA","Assessment of country’s adherence to the best regulatory practices at the preparation stage of PPP project (scale 1-100)","IQ.PPN.REGQ.S0","52",
"Sri Lanka","LKA","Assessment of country’s adherence to the best regulatory practices at the procurement stage of PPP project (scale 1-100)","IQ.PPN.REGQ.S1","76",
"Sri Lanka","LKA","Assessment of country’s adherence to the best regulatory practices, procurement of unsolicited proposals (scale 1-100)","IQ.PPN.REGQ.S3","92",
"Sudan","SDN","Assessment of country’s adherence to the best regulatory practices at the management stage of PPP project (scale 1-100)","IQ.PPN.REGQ.S2","45",
"Sudan","SDN","Assessment of country’s adherence to the best regulatory practices at the preparation stage of PPP project (scale 1-100)","IQ.PPN.REGQ.S0","17",
"Sudan","SDN","Assessment of country’s adherence to the best regulatory practices at the procurement stage of PPP project (scale 1-100)","IQ.PPN.REGQ.S1","33",
"Sudan","SDN","Assessment of country’s adherence to the best regulatory practices, procurement of unsolicited proposals (scale 1-100)","IQ.PPN.REGQ.S3","",
"Sweden","SWE","Assessment of country’s adherence to the best regulatory practices at the management stage of PPP project (scale 1-100)","IQ.PPN.REGQ.S2","34",
"Sweden","SWE","Assessment of country’s adherence to the best regulatory practices at the preparation stage of PPP project (scale 1-100)","IQ.PPN.REGQ.S0","32",
"Sweden","SWE","Assessment of country’s adherence to the best regulatory practices at the procurement stage of PPP project (scale 1-100)","IQ.PPN.REGQ.S1","65",
"Sweden","SWE","Assessment of country’s adherence to the best regulatory practices, procurement of unsolicited proposals (scale 1-100)","IQ.PPN.REGQ.S3","",
"Switzerland","CHE","Assessment of country’s adherence to the best regulatory practices at the management stage of PPP project (scale 1-100)","IQ.PPN.REGQ.S2","10",
"Switzerland","CHE","Assessment of country’s adherence to the best regulatory practices at the preparation stage of PPP project (scale 1-100)","IQ.PPN.REGQ.S0","51",
"Switzerland","CHE","Assessment of country’s adherence to the best regulatory practices at the procurement stage of PPP project (scale 1-100)","IQ.PPN.REGQ.S1","56",
"Switzerland","CHE","Assessment of country’s adherence to the best regulatory practices, procurement of unsolicited proposals (scale 1-100)","IQ.PPN.REGQ.S3","",
"Tajikistan","TJK","Assessment of country’s adherence to the best regulatory practices at the management stage of PPP project (scale 1-100)","IQ.PPN.REGQ.S2","52",
"Tajikistan","TJK","Assessment of country’s adherence to the best regulatory practices at the preparation stage of PPP project (scale 1-100)","IQ.PPN.REGQ.S0","23",
"Tajikistan","TJK","Assessment of country’s adherence to the best regulatory practices at the procurement stage of PPP project (scale 1-100)","IQ.PPN.REGQ.S1","51",
"Tajikistan","TJK","Assessment of country’s adherence to the best regulatory practices, procurement of unsolicited proposals (scale 1-100)","IQ.PPN.REGQ.S3","67",
"Tanzania","TZA","Assessment of country’s adherence to the best regulatory practices at the management stage of PPP project (scale 1-100)","IQ.PPN.REGQ.S2","46",
"Tanzania","TZA","Assessment of country’s adherence to the best regulatory practices at the preparation stage of PPP project (scale 1-100)","IQ.PPN.REGQ.S0","50",
"Tanzania","TZA","Assessment of country’s adherence to the best regulatory practices at the procurement stage of PPP project (scale 1-100)","IQ.PPN.REGQ.S1","68",
"Tanzania","TZA","Assessment of country’s adherence to the best regulatory practices, procurement of unsolicited proposals (scale 1-100)","IQ.PPN.REGQ.S3","75",
"Thailand","THA","Assessment of country’s adherence to the best regulatory practices at the management stage of PPP project (scale 1-100)","IQ.PPN.REGQ.S2","58",
"Thailand","THA","Assessment of country’s adherence to the best regulatory practices at the preparation stage of PPP project (scale 1-100)","IQ.PPN.REGQ.S0","27",
"Thailand","THA","Assessment of country’s adherence to the best regulatory practices at the procurement stage of PPP project (scale 1-100)","IQ.PPN.REGQ.S1","45",
"Thailand","THA","Assessment of country’s adherence to the best regulatory practices, procurement of unsolicited proposals (scale 1-100)","IQ.PPN.REGQ.S3","",
"Timor-Leste","TLS","Assessment of country’s adherence to the best regulatory practices at the management stage of PPP project (scale 1-100)","IQ.PPN.REGQ.S2","45",
"Timor-Leste","TLS","Assessment of country’s adherence to the best regulatory practices at the preparation stage of PPP project (scale 1-100)","IQ.PPN.REGQ.S0","33",
"Timor-Leste","TLS","Assessment of country’s adherence to the best regulatory practices at the procurement stage of PPP project (scale 1-100)","IQ.PPN.REGQ.S1","64",
"Timor-Leste","TLS","Assessment of country’s adherence to the best regulatory practices, procurement of unsolicited proposals (scale 1-100)","IQ.PPN.REGQ.S3","50",
"Togo","TGO","Assessment of country’s adherence to the best regulatory practices at the management stage of PPP project (scale 1-100)","IQ.PPN.REGQ.S2","52",
"Togo","TGO","Assessment of country’s adherence to the best regulatory practices at the preparation stage of PPP project (scale 1-100)","IQ.PPN.REGQ.S0","22",
"Togo","TGO","Assessment of country’s adherence to the best regulatory practices at the procurement stage of PPP project (scale 1-100)","IQ.PPN.REGQ.S1","16",
"Togo","TGO","Assessment of country’s adherence to the best regulatory practices, procurement of unsolicited proposals (scale 1-100)","IQ.PPN.REGQ.S3","25",
"Tonga","TON","Assessment of country’s adherence to the best regulatory practices at the management stage of PPP project (scale 1-100)","IQ.PPN.REGQ.S2","12",
"Tonga","TON","Assessment of country’s adherence to the best regulatory practices at the preparation stage of PPP project (scale 1-100)","IQ.PPN.REGQ.S0","21",
"Tonga","TON","Assessment of country’s adherence to the best regulatory practices at the procurement stage of PPP project (scale 1-100)","IQ.PPN.REGQ.S1","70",
"Tonga","TON","Assessment of country’s adherence to the best regulatory practices, procurement of unsolicited proposals (scale 1-100)","IQ.PPN.REGQ.S3","",
"Trinidad and Tobago","TTO","Assessment of country’s adherence to the best regulatory practices at the management stage of PPP project (scale 1-100)","IQ.PPN.REGQ.S2","31",
"Trinidad and Tobago","TTO","Assessment of country’s adherence to the best regulatory practices at the preparation stage of PPP project (scale 1-100)","IQ.PPN.REGQ.S0","20",
"Trinidad and Tobago","TTO","Assessment of country’s adherence to the best regulatory practices at the procurement stage of PPP project (scale 1-100)","IQ.PPN.REGQ.S1","41",
"Trinidad and Tobago","TTO","Assessment of country’s adherence to the best regulatory practices, procurement of unsolicited proposals (scale 1-100)","IQ.PPN.REGQ.S3","13",
"Tunisia","TUN","Assessment of country’s adherence to the best regulatory practices at the management stage of PPP project (scale 1-100)","IQ.PPN.REGQ.S2","71",
"Tunisia","TUN","Assessment of country’s adherence to the best regulatory practices at the preparation stage of PPP project (scale 1-100)","IQ.PPN.REGQ.S0","42",
"Tunisia","TUN","Assessment of country’s adherence to the best regulatory practices at the procurement stage of PPP project (scale 1-100)","IQ.PPN.REGQ.S1","59",
"Tunisia","TUN","Assessment of country’s adherence to the best regulatory practices, procurement of unsolicited proposals (scale 1-100)","IQ.PPN.REGQ.S3","83",
"Turkey","TUR","Assessment of country’s adherence to the best regulatory practices at the management stage of PPP project (scale 1-100)","IQ.PPN.REGQ.S2","65",
"Turkey","TUR","Assessment of country’s adherence to the best regulatory practices at the preparation stage of PPP project (scale 1-100)","IQ.PPN.REGQ.S0","60",
"Turkey","TUR","Assessment of country’s adherence to the best regulatory practices at the procurement stage of PPP project (scale 1-100)","IQ.PPN.REGQ.S1","58",
"Turkey","TUR","Assessment of country’s adherence to the best regulatory practices, procurement of unsolicited proposals (scale 1-100)","IQ.PPN.REGQ.S3","",
"Uganda","UGA","Assessment of country’s adherence to the best regulatory practices at the management stage of PPP project (scale 1-100)","IQ.PPN.REGQ.S2","68",
"Uganda","UGA","Assessment of country’s adherence to the best regulatory practices at the preparation stage of PPP project (scale 1-100)","IQ.PPN.REGQ.S0","71",
"Uganda","UGA","Assessment of country’s adherence to the best regulatory practices at the procurement stage of PPP project (scale 1-100)","IQ.PPN.REGQ.S1","48",
"Uganda","UGA","Assessment of country’s adherence to the best regulatory practices, procurement of unsolicited proposals (scale 1-100)","IQ.PPN.REGQ.S3","67",
"Ukraine","UKR","Assessment of country’s adherence to the best regulatory practices at the management stage of PPP project (scale 1-100)","IQ.PPN.REGQ.S2","42",
"Ukraine","UKR","Assessment of country’s adherence to the best regulatory practices at the preparation stage of PPP project (scale 1-100)","IQ.PPN.REGQ.S0","78",
"Ukraine","UKR","Assessment of country’s adherence to the best regulatory practices at the procurement stage of PPP project (scale 1-100)","IQ.PPN.REGQ.S1","57",
"Ukraine","UKR","Assessment of country’s adherence to the best regulatory practices, procurement of unsolicited proposals (scale 1-100)","IQ.PPN.REGQ.S3","75",
"United Arab Emirates","ARE","Assessment of country’s adherence to the best regulatory practices at the management stage of PPP project (scale 1-100)","IQ.PPN.REGQ.S2","52",
"United Arab Emirates","ARE","Assessment of country’s adherence to the best regulatory practices at the preparation stage of PPP project (scale 1-100)","IQ.PPN.REGQ.S0","67",
"United Arab Emirates","ARE","Assessment of country’s adherence to the best regulatory practices at the procurement stage of PPP project (scale 1-100)","IQ.PPN.REGQ.S1","60",
"United Arab Emirates","ARE","Assessment of country’s adherence to the best regulatory practices, procurement of unsolicited proposals (scale 1-100)","IQ.PPN.REGQ.S3","42",
"United Kingdom","GBR","Assessment of country’s adherence to the best regulatory practices at the management stage of PPP project (scale 1-100)","IQ.PPN.REGQ.S2","71",
"United Kingdom","GBR","Assessment of country’s adherence to the best regulatory practices at the preparation stage of PPP project (scale 1-100)","IQ.PPN.REGQ.S0","96",
"United Kingdom","GBR","Assessment of country’s adherence to the best regulatory practices at the procurement stage of PPP project (scale 1-100)","IQ.PPN.REGQ.S1","86",
"United Kingdom","GBR","Assessment of country’s adherence to the best regulatory practices, procurement of unsolicited proposals (scale 1-100)","IQ.PPN.REGQ.S3","",
"United States","USA","Assessment of country’s adherence to the best regulatory practices at the management stage of PPP project (scale 1-100)","IQ.PPN.REGQ.S2","57",
"United States","USA","Assessment of country’s adherence to the best regulatory practices at the preparation stage of PPP project (scale 1-100)","IQ.PPN.REGQ.S0","79",
"United States","USA","Assessment of country’s adherence to the best regulatory practices at the procurement stage of PPP project (scale 1-100)","IQ.PPN.REGQ.S1","74",
"United States","USA","Assessment of country’s adherence to the best regulatory practices, procurement of unsolicited proposals (scale 1-100)","IQ.PPN.REGQ.S3","100",
"Uruguay","URY","Assessment of country’s adherence to the best regulatory practices at the management stage of PPP project (scale 1-100)","IQ.PPN.REGQ.S2","68",
"Uruguay","URY","Assessment of country’s adherence to the best regulatory practices at the preparation stage of PPP project (scale 1-100)","IQ.PPN.REGQ.S0","77",
"Uruguay","URY","Assessment of country’s adherence to the best regulatory practices at the procurement stage of PPP project (scale 1-100)","IQ.PPN.REGQ.S1","73",
"Uruguay","URY","Assessment of country’s adherence to the best regulatory practices, procurement of unsolicited proposals (scale 1-100)","IQ.PPN.REGQ.S3","71",
"Vietnam","VNM","Assessment of country’s adherence to the best regulatory practices at the management stage of PPP project (scale 1-100)","IQ.PPN.REGQ.S2","62",
"Vietnam","VNM","Assessment of country’s adherence to the best regulatory practices at the preparation stage of PPP project (scale 1-100)","IQ.PPN.REGQ.S0","77",
"Vietnam","VNM","Assessment of country’s adherence to the best regulatory practices at the procurement stage of PPP project (scale 1-100)","IQ.PPN.REGQ.S1","77",
"Vietnam","VNM","Assessment of country’s adherence to the best regulatory practices, procurement of unsolicited proposals (scale 1-100)","IQ.PPN.REGQ.S3","25",
"Zambia","ZMB","Assessment of country’s adherence to the best regulatory practices at the management stage of PPP project (scale 1-100)","IQ.PPN.REGQ.S2","63",
"Zambia","ZMB","Assessment of country’s adherence to the best regulatory practices at the preparation stage of PPP project (scale 1-100)","IQ.PPN.REGQ.S0","49",
"Zambia","ZMB","Assessment of country’s adherence to the best regulatory practices at the procurement stage of PPP project (scale 1-100)","IQ.PPN.REGQ.S1","57",
"Zambia","ZMB","Assessment of country’s adherence to the best regulatory practices, procurement of unsolicited proposals (scale 1-100)","IQ.PPN.REGQ.S3","83",
"Zimbabwe","ZWE","Assessment of country’s adherence to the best regulatory practices at the management stage of PPP project (scale 1-100)","IQ.PPN.REGQ.S2","30",
"Zimbabwe","ZWE","Assessment of country’s adherence to the best regulatory practices at the preparation stage of PPP project (scale 1-100)","IQ.PPN.REGQ.S0","31",
"Zimbabwe","ZWE","Assessment of country’s adherence to the best regulatory practices at the procurement stage of PPP project (scale 1-100)","IQ.PPN.REGQ.S1","46",
"Zimbabwe","ZWE","Assessment of country’s adherence to the best regulatory practices, procurement of unsolicited proposals (scale 1-100)","IQ.PPN.REGQ.S3","42",
